Agent, Env, Result
DDPG,CARLAcrobotEnv,FAILURE
PPO,CARLAcrobotEnv,SUCESS
SAC,CARLAcrobotEnv,FAILURE
DDPG,CARLCartPoleEnv,FAILURE
PPO,CARLCartPoleEnv,SUCESS
SAC,CARLCartPoleEnv,FAILURE
DDPG,CARLLunarLanderEnv,FAILURE
PPO,CARLLunarLanderEnv,SUCESS
SAC,CARLLunarLanderEnv,FAILURE
DDPG,CARLMountainCarContinuousEnv,SUCESS
PPO,CARLMountainCarContinuousEnv,SUCESS
SAC,CARLMountainCarContinuousEnv,SUCESS
DDPG,CARLMountainCarEnv,FAILURE
PPO,CARLMountainCarEnv,SUCESS
SAC,CARLMountainCarEnv,FAILURE
DDPG,CARLPendulumEnv,SUCESS
PPO,CARLPendulumEnv,SUCESS
SAC,CARLPendulumEnv,SUCESS
DDPG,CARLAnt,FAILURE
PPO,CARLAnt,FAILURE
SAC,CARLAnt,SUCESS
DDPG,CARLFetch,SUCESS
PPO,CARLFetch,FAILURE
SAC,CARLFetch,SUCESS
DDPG,CARLGrasp,SUCESS
PPO,CARLGrasp,FAILURE
SAC,CARLGrasp,SUCESS
Agent, Env, Result
Agent, Env, Result
